{
    "rouge1": 38.48163591918772,
    "rouge2": 9.184590420947684,
    "rougeL": 21.460160578450797,
    "rougeLsum": 31.353161324313696,
    "gen_len": 88.57425742574257
}