{"loss": [2.292452096939087, 1.7563716173171997, 1.6731982231140137, 1.6192939281463623, 1.5738964080810547, 1.5300709009170532, 1.4915120601654053, 1.455187439918518, 1.4182705879211426, 1.3892821073532104], "val_loss": [1.983909010887146, 1.8965123891830444, 1.860048532485962, 1.8378219604492188, 1.8280489444732666, 1.8194066286087036, 1.8154009580612183, 1.819028615951538, 1.8187471628189087, 1.8168740272521973], "rouge1": [34.27556393933935, 35.71673923824874, 35.606130956482254, 35.51929348482729, 36.2668931645685, 36.45920852094828, 36.614842971894625, 36.70159715761191, 36.68522743085765, 36.637919201381635], "rouge2": [7.101149987631597, 8.224193388196333, 7.81455194227394, 8.072991163060166, 8.340723105547285, 8.459176762357606, 7.924208425476281, 8.194812055117797, 8.33450564624452, 8.557502230913244], "rougeL": [19.555839638204937, 20.315924688539354, 20.175624323264525, 20.033044152927076, 20.659582606527298, 20.88861142177005, 20.719939913951336, 20.476819048298022, 20.593267307212436, 20.654241322650186], "rougeLsum": [28.093719639022254, 29.48876982602817, 29.128654989853803, 29.48734514402111, 29.6887727859192, 30.301952258751896, 30.056182448448933, 29.90424616260575, 29.980121684468365, 30.031765897375717], "gen_len": [86.98148148148148, 89.11728395061728, 87.68518518518519, 88.80864197530865, 87.8641975308642, 90.0, 90.25925925925925, 90.44444444444444, 88.12962962962963, 89.74691358024691]}