{
    "rouge1": 40.856416681816036,
    "rouge2": 10.970411440877967,
    "rougeL": 22.930263189022615,
    "rougeLsum": 33.570501287596905,
    "gen_len": 84.83168316831683
}