{"loss": [3.8539037704467773, 3.4917218685150146, 3.3288164138793945, 3.1818180084228516, 3.0478289127349854, 2.936225175857544, 2.8306262493133545, 2.727722644805908], "val_loss": [3.3430161476135254, 3.2806804180145264, 3.2417047023773193, 3.2276201248168945, 3.214761972427368, 3.226172924041748, 3.2327449321746826, 3.228844165802002], "rouge1": [38.36978270495326, 40.050045520615626, 39.24268916002932, 40.03250811204471, 40.40192460443323, 39.87786476424182, 40.33974684178672, 39.94466704416939], "rouge2": [10.168825298445588, 10.871056161531516, 10.437309870310523, 11.181966890502421, 10.92165430301885, 10.35694599765982, 10.945279426326623, 10.541161859366992], "rougeL": [22.259259966334987, 22.955978077365806, 22.87246789097289, 23.212280208912773, 23.25466789749255, 22.90503641247436, 23.17035732660709, 22.87693084232894], "rougeLsum": [31.81819860848393, 33.006256112401545, 32.760736553712434, 33.242171410630085, 33.4421508643437, 32.925321017129356, 33.65387247707087, 33.171839833350894], "gen_len": [88.45061728395062, 82.0, 82.48148148148148, 84.03086419753086, 85.54320987654322, 81.9753086419753, 83.53086419753086, 85.00617283950618]}