{
    "rouge1": 38.73726111167284,
    "rouge2": 9.64914695758525,
    "rougeL": 21.640033099597005,
    "rougeLsum": 31.792573147907817,
    "gen_len": 89.3069306930693
}