{"loss": [2.290532112121582, 1.7610633373260498, 1.674351692199707, 1.6163243055343628, 1.5714620351791382, 1.5285367965698242, 1.4913192987442017, 1.4539645910263062, 1.4180210828781128, 1.3831909894943237], "val_loss": [1.9812151193618774, 1.8933813571929932, 1.8575921058654785, 1.8376595973968506, 1.825738787651062, 1.8217633962631226, 1.8139886856079102, 1.8204342126846313, 1.820736289024353, 1.8264544010162354], "rouge1": [34.98626496709364, 35.737946291694364, 36.31775784808146, 36.06077407893747, 36.62861533850694, 36.458647502272434, 36.94338454433597, 36.28592818036141, 36.69057131910586, 37.31368607789217], "rouge2": [8.073361448782768, 7.9413615147777925, 8.459408903948281, 8.347958479220521, 8.308057465407142, 8.12292438991483, 8.245885716575797, 8.061755904093012, 8.254649473711984, 8.494681500696617], "rougeL": [20.07933351546675, 20.498953790433333, 20.558923425646547, 20.462144738566824, 20.675346289619608, 20.50361674191089, 20.788013597146442, 20.73844729432843, 20.731201529301437, 20.889813532872544], "rougeLsum": [28.935772733130072, 29.02015548565522, 30.052240111280458, 29.84681475177008, 30.196914481320903, 30.039838301861977, 30.318080572169748, 30.018334028865638, 30.30229094959138, 30.52710713859571], "gen_len": [87.48148148148148, 88.82716049382717, 90.26543209876543, 88.37654320987654, 90.80246913580247, 88.8641975308642, 90.45679012345678, 89.91975308641975, 89.56172839506173, 90.19753086419753]}