{"loss": [3.840059995651245, 3.5008604526519775, 3.31817626953125, 3.169759511947632, 3.043408155441284, 2.925781488418579, 2.8240444660186768, 2.719909191131592, 2.6342387199401855], "val_loss": [3.343395471572876, 3.2779428958892822, 3.249943256378174, 3.2310290336608887, 3.229529619216919, 3.220767021179199, 3.231755256652832, 3.2536418437957764, 3.257603645324707], "rouge1": [38.376797848495094, 38.972838576068234, 38.64111961201383, 39.488745108283055, 39.19416367492544, 39.16710201409755, 39.57469797516031, 39.49159091136553, 39.40419419862251], "rouge2": [10.446519610044357, 10.732331920975133, 10.466300841055482, 11.124361305573627, 10.61731176839668, 10.954421169395554, 11.017679103013222, 10.905073106237355, 10.55517814883361], "rougeL": [22.588907410761024, 23.17391998978077, 23.012149415867324, 23.11016710605299, 22.856519805794775, 23.216331541144292, 23.058370850805005, 23.245587725158586, 22.886323635303505], "rougeLsum": [32.11081614615902, 32.68098183192768, 32.384892564719415, 32.99620173924398, 32.60997608391932, 33.26981742527783, 33.24870169083557, 33.144246621170815, 32.80303600735978], "gen_len": [85.70370370370371, 85.76543209876543, 82.74691358024691, 81.77777777777777, 84.70370370370371, 82.11728395061728, 83.27777777777777, 83.79012345679013, 82.25925925925925]}