{
    "rouge1": 39.55203607245084,
    "rouge2": 10.255110142910048,
    "rougeL": 22.631975166448065,
    "rougeLsum": 32.693149655064985,
    "gen_len": 81.01485148514851
}